production_order_id,material_id,plant,planned_qty,actual_qty,unit,prod_start_date,prod_end_date,std_cost_pen_per_kg
PP20250000,MAT011,LIM01,19430.20813644397,18589.816716734695,KG,2025-03-04,2025-03-12,8.24
PP20250001,MAT001,CHI01,15.834417426511587,14.472853969341928,TM,2025-04-07,2025-04-13,6.12
PP20250002,MAT004,ARE01,19618.94795337039,20231.146797880498,KG,2025-01-04,2025-01-05,3.98
PP20250003,MAT003,LIM01,23.605755708199382,23.68311795239997,TM,2025-04-20,2025-04-29,4.03
PP20250004,MAT011,BOL01,16870.7681312817,15418.587295695696,KG,2025-04-02,2025-04-09,6.56
PP20250005,MAT002,BOL01,27.4832685268547,32.344658775601665,TM,2025-03-12,2025-03-17,2.95
PP20250006,MAT007,LIM01,14895.082265703842,13473.632241905652,KG,2025-06-29,2025-07-08,4.64
PP20250007,MAT001,LIM01,20.31018992857169,20.58787097797085,TM,2025-03-26,2025-03-28,5.61
PP20250008,MAT004,ARE01,32.72686041580201,32.60937681732208,TM,2025-06-11,2025-06-12,2.77
PP20250009,MAT009,BOL01,20.104007774907846,19.530513497412205,TM,2025-08-07,2025-08-16,4.44
PP20250010,MAT001,BOL01,24356.59016867801,22282.01408991353,KG,2025-09-15,2025-09-19,3.8
PP20250011,MAT004,BOL01,8862.130597313257,8573.03467847962,KG,2025-05-29,2025-06-01,5.02
PP20250012,MAT007,ARE01,16762.788908473158,16220.007397316844,KG,2025-04-01,2025-04-05,5.11
PP20250013,MAT008,BOL01,18.2339136588365,17.28700949701602,TM,2025-03-21,2025-03-27,5.53
PP20250014,MAT005,LIM01,24742.36086179703,25944.121424967627,KG,2025-04-07,2025-04-08,6.55
PP20250015,MAT003,ECU01,20083.389255995065,19697.576076852412,KG,2025-01-06,2025-01-07,4.88
PP20250016,MAT006,CHI01,20.556076676174023,19.0393486929938,TM,2025-01-23,2025-01-30,5.1
PP20250017,MAT003,ARE01,21.405790162261386,21.203815976381314,TM,2025-06-11,2025-06-19,5.7
PP20250018,MAT006,LIM01,22.910490602384776,20.724158681441512,TM,2025-02-12,2025-02-20,3.46
PP20250019,MAT002,ECU01,13736.335571188149,13424.013546603244,KG,2025-07-13,2025-07-20,4.89
PP20250020,MAT002,CHI01,27376.254305900628,25284.173199480923,KG,2025-01-23,2025-01-25,3.33
PP20250021,MAT006,BOL01,16276.888276108031,14148.657607690997,KG,2025-02-28,2025-03-03,4.11
PP20250022,MAT005,LIM01,13.780508150782058,13.423367103641377,TM,2025-09-04,2025-09-05,5.81
PP20250023,MAT012,ECU01,12905.296566761375,12947.105656558448,KG,2025-03-07,2025-03-12,5.3
PP20250024,MAT009,LIM01,5.736257049620114,5.306413224405124,TM,2025-03-22,2025-03-28,5.17
PP20250025,MAT007,LIM01,24736.19933401823,25295.030187959648,KG,2025-01-01,2025-01-03,4.74
PP20250026,MAT009,CHI01,22.49820888883373,20.330927006147572,TM,2025-08-14,2025-08-19,5.76
PP20250027,MAT011,BOL01,1617.3208021256257,1440.2788633653195,KG,2025-07-24,2025-07-25,7.26
PP20250028,MAT006,BOL01,27411.484329861636,26888.88140444648,KG,2025-02-06,2025-02-12,6.33
PP20250029,MAT004,LIM01,22178.0554862871,22817.3197903588,KG,2025-03-26,2025-03-28,7.73
PP20250030,MAT001,ARE01,22679.96909167342,24038.582107592396,KG,2025-06-02,2025-06-08,6.44
PP20250031,MAT005,LIM01,25.566454397307233,29.65903579106059,TM,2025-09-17,2025-09-20,4.1
PP20250032,MAT004,LIM01,17058.667099767346,15654.714020024814,KG,2025-01-21,2025-01-22,1.68
PP20250033,MAT007,CHI01,17040.668926964536,19008.46884814499,KG,2025-05-09,2025-05-14,5.02
PP20250034,MAT008,CHI01,24958.443859359548,24947.135407465936,KG,2025-09-01,2025-09-10,6.64
PP20250035,MAT003,CHI01,22.197997601900262,21.30608245629015,TM,2025-01-27,2025-02-04,5.49
PP20250036,MAT006,ARE01,22516.789357119487,24048.933628595314,KG,2025-01-17,2025-01-21,6.37
PP20250037,MAT011,CHI01,23100.2169118908,19049.288997334446,KG,2025-07-29,2025-08-01,6.76
PP20250038,MAT012,LIM01,14.587333170913693,12.71030044406013,TM,2025-06-07,2025-06-09,5.31
PP20250039,MAT010,ARE01,20507.967684396583,24070.62233967923,KG,2025-06-06,2025-06-07,6.0
PP20250040,MAT009,ARE01,28876.772863113158,27915.031449026224,KG,2025-04-02,2025-04-09,2.53
PP20250041,MAT003,ECU01,14181.197629309558,13722.49804879545,KG,2025-06-03,2025-06-04,4.17
PP20250042,MAT007,CHI01,23909.243723863754,24471.40006000029,KG,2025-05-19,2025-05-21,4.96
PP20250043,MAT011,BOL01,6.881348127496594,6.816014400315723,TM,2025-05-09,2025-05-18,5.39
PP20250044,MAT004,CHI01,29.41999090999368,26.77626193880725,TM,2025-08-28,2025-08-31,4.58
PP20250045,MAT001,ARE01,28880.595222283497,30566.003260843197,KG,2025-02-23,2025-02-28,4.53
PP20250046,MAT001,CHI01,13.39603241459384,12.904524690243491,TM,2025-02-07,2025-02-08,4.86
PP20250047,MAT007,CHI01,5.364502168564307,5.446638733634439,TM,2025-08-18,2025-08-19,4.16
PP20250048,MAT002,ARE01,18.35777602509339,19.006243181467713,TM,2025-08-20,2025-08-26,3.16
PP20250049,MAT010,CHI01,16.31549134793379,14.151788484783669,TM,2025-05-09,2025-05-12,5.8
PP20250050,MAT004,ECU01,8.234926409182805,8.47718050478134,TM,2025-04-24,2025-04-28,3.01
PP20250051,MAT007,ECU01,13040.96428539821,12376.739707183528,KG,2025-07-09,2025-07-14,4.78
PP20250052,MAT003,CHI01,17323.583729247,18165.741359185587,KG,2025-08-22,2025-08-28,5.34
PP20250053,MAT003,ARE01,23.45590922248412,21.56499252652354,TM,2025-03-20,2025-03-28,3.02
PP20250054,MAT012,BOL01,5766.826831618914,5435.234051819663,KG,2025-01-29,2025-02-01,3.92
PP20250055,MAT009,CHI01,11351.895201595678,12006.87543214796,KG,2025-04-20,2025-04-26,6.63
PP20250056,MAT012,BOL01,23697.412379319878,19363.22708421036,KG,2025-09-21,2025-09-27,2.77
PP20250057,MAT007,BOL01,17385.61947099956,17160.746487200733,KG,2025-04-12,2025-04-17,6.36
PP20250058,MAT007,CHI01,19.898979657599444,22.03899284936414,TM,2025-02-14,2025-02-18,3.17
PP20250059,MAT004,ARE01,20.61483420261894,19.85242891800778,TM,2025-03-03,2025-03-07,3.85
